ii,g_0_sproc,g_0_scob,g_0_valor,g_0_quitado,g_0_quitou,g_1_sproc,g_1_scob,g_1_valor,g_1_quitado,g_1_quitou,g_2_sproc,g_2_scob,g_2_valor,g_2_quitado,g_2_quitou
3417030-8,D,S,5218.0,2609.0,NAO,D,S,21641.0,5495.0,NAO,,,,,
3417031-6,D,S,5275.0,0.0,NAO,D,S,21874.0,5554.0,NAO,,,,,
3417032-4,D,S,3865.0,0.0,NAO,D,S,16027.0,4070.0,NAO,,,,,
3417033-2,D,S,7511.0,6985.23,SIM,D,S,31151.0,7909.0,NAO,,,,,
3417034-0,D,S,4277.0,0.0,NAO,D,S,17738.0,4505.0,NAO,,,,,
3417035-7,D,S,3429.0,0.0,NAO,D,S,14220.0,3611.0,NAO,,,,,
3417036-5,D,S,11004.0,5502.0,NAO,D,S,45641.0,11588.0,NAO,,,,,
3417037-3,D,S,5218.0,0.0,NAO,D,S,21641.0,5495.0,NAO,,,,,
3417038-1,D,S,4839.0,483.9,NAO,D,S,20069.0,5096.0,NAO,,,,,
3417039-9,D,S,5218.0,0.0,NAO,D,S,21641.0,5495.0,NAO,,,,,
3417040-7,D,S,2609.0,0.0,NAO,D,S,10816.0,2748.0,NAO,,,,,
3417041-5,D,S,2609.0,0.0,NAO,D,S,10816.0,2748.0,NAO,,,,,
3417042-3,D,S,2609.0,2426.37,SIM,D,S,10816.0,2748.0,NAO,,,,,
3417043-1,D,S,2609.0,0.0,NAO,D,S,10816.0,2748.0,NAO,,,,,
3417044-9,D,S,3628.0,0.0,NAO,D,S,15046.0,3821.0,NAO,,,,,
3417045-6,D,S,2609.0,2609.0,SIM,D,S,10816.0,2748.0,NAO,,,,,
3417046-4,D,S,2609.0,0.0,NAO,D,S,10816.0,2748.0,NAO,,,,,
3417047-2,D,S,5218.0,0.0,NAO,D,S,21641.0,5495.0,NAO,,,,,
3417048-0,D,S,5275.0,0.0,NAO,D,S,21874.0,5554.0,NAO,,,,,
3417049-8,D,S,3110.0,2892.3,SIM,D,S,12895.0,3275.0,NAO,,,,,
3417050-6,D,S,2609.0,1304.5,NAO,D,S,10816.0,2748.0,NAO,,,,,
3417051-4,D,S,2609.0,0.0,NAO,D,S,10816.0,2748.0,NAO,,,,,
3417052-2,D,S,2609.0,1304.5,NAO,D,S,10816.0,2748.0,NAO,,,,,
3417053-0,D,S,2609.0,0.0,NAO,D,S,10816.0,2748.0,NAO,,,,,
3417054-8,D,S,2609.0,2426.37,SIM,D,S,10816.0,2748.0,NAO,,,,,
3417055-5,D,S,3916.0,3641.88,SIM,D,S,16238.0,4124.0,NAO,,,,,
3417056-3,D,S,2609.0,2426.37,SIM,D,S,10816.0,2748.0,NAO,,,,,
3417057-1,D,S,3276.0,327.6,NAO,D,S,13587.0,3450.0,NAO,,,,,
3417058-9,D,S,3819.0,0.0,NAO,D,S,15837.0,4021.0,NAO,,,,,
3417059-7,D,S,982.0,0.0,NAO,D,S,4071.0,1035.0,NAO,,,,,
3417060-5,D,S,896.0,89.6,NAO,D,S,3710.0,943.0,NAO,,,,,
3417061-3,D,S,945.0,94.5,NAO,D,S,3916.0,996.0,NAO,,,,,
3417062-1,D,S,621.0,0.0,NAO,D,S,2573.0,654.0,NAO,,,,,
3417063-9,D,S,2604.0,0.0,NAO,D,S,10801.0,2743.0,NAO,,,,,
3417064-7,D,S,2595.0,0.0,NAO,D,S,10761.0,2733.0,NAO,,,,,
1878793-7,D,S,117740.0,117740.0,SIM,,,,,,,,,,
3417065-4,D,S,7091.0,0.0,NAO,D,S,29411.0,5013.0,NAO,,,,,
3417066-2,D,S,3647.0,3391.71,SIM,D,S,15121.0,2578.0,NAO,,,,,
3417067-0,D,S,3647.0,0.0,NAO,D,S,15121.0,2578.0,NAO,,,,,
3417068-8,D,S,3217.0,0.0,NAO,D,S,13340.0,2274.0,NAO,,,,,
3417069-6,D,S,1823.0,0.0,NAO,D,S,7558.0,1289.0,NAO,,,,,
3417070-4,D,S,3647.0,350.67,NAO,D,S,15121.0,2578.0,NAO,,,,,
3417071-2,D,S,37911.0,0.0,NAO,D,S,157242.0,26799.0,NAO,,,,,
3417072-0,D,S,2966.0,0.0,NAO,D,S,12297.0,2097.0,NAO,,,,,
3417073-8,D,S,1823.0,1823.0,SIM,D,S,7558.0,1289.0,NAO,,,,,
3417074-6,D,S,10460.0,0.0,NAO,D,S,43382.0,7394.0,NAO,,,,,
3417075-3,D,S,3457.0,3457.0,SIM,D,S,14334.0,2444.0,NAO,,,,,
3417076-1,D,S,14842.0,0.0,NAO,D,S,61560.0,10492.0,NAO,,,,,
3417077-9,D,S,10863.0,1086.3,NAO,D,S,45058.0,7680.0,NAO,,,,,
3417078-7,D,S,3865.0,0.0,NAO,D,S,16029.0,2733.0,NAO,,,,,
3417079-5,D,S,1823.0,182.3,NAO,D,S,7558.0,1289.0,NAO,,,,,
3417080-3,D,S,6903.0,6903.0,SIM,D,S,28626.0,4880.0,NAO,,,,,
3417081-1,D,S,3647.0,3647.0,SIM,D,S,15121.0,2578.0,NAO,,,,,
3417082-9,D,S,5602.0,5602.0,SIM,D,S,23235.0,3960.0,NAO,,,,,
3417083-7,D,S,2292.0,0.0,NAO,D,S,9504.0,1620.0,NAO,,,,,
3417084-5,D,S,6903.0,0.0,NAO,D,S,28626.0,4880.0,NAO,,,,,
3417085-2,D,S,4962.0,0.0,NAO,D,S,20577.0,3508.0,NAO,,,,,
3417086-0,D,S,2214.0,0.0,NAO,D,S,9180.0,1565.0,NAO,,,,,
3417087-8,D,S,4730.0,473.0,NAO,D,S,19618.0,3394.0,NAO,,,,,
3417088-6,D,S,4359.0,0.0,NAO,D,S,18075.0,3127.0,NAO,,,,,
3417089-4,D,S,18581.0,0.0,NAO,D,S,77063.0,13331.0,NAO,,,,,
3417090-2,D,S,9678.0,0.0,NAO,D,S,40139.0,6944.0,NAO,,,,,
3417091-0,D,S,5221.0,5221.0,SIM,D,S,21653.0,3746.0,NAO,,,,,
3417092-8,D,S,5208.0,5208.0,SIM,D,S,21596.0,3737.0,NAO,,,,,
3417093-6,D,S,2170.0,0.0,NAO,D,S,8997.0,1557.0,NAO,,,,,
3417094-4,D,S,1983.0,793.2,NAO,D,S,8224.0,1423.0,NAO,,,,,
3417095-1,D,S,2604.0,0.0,NAO,D,S,10796.0,1868.0,NAO,,,,,
3417096-9,D,S,2120.0,1060.0,NAO,D,S,8789.0,1757.79,NAO,,,,,
3417097-7,D,S,4940.0,0.0,NAO,D,S,20487.0,3544.0,NAO,,,,,
3417098-5,D,S,16375.0,0.0,NAO,D,S,67919.0,11749.0,NAO,,,,,
3417099-3,D,S,1736.0,0.0,NAO,D,S,7192.0,1246.0,NAO,,,,,
3417100-9,D,S,10527.0,0.0,NAO,D,S,43661.0,7553.0,NAO,,,,,
3417101-7,D,S,1736.0,1614.48,SIM,D,S,7192.0,1246.0,NAO,,,,,
3417102-5,D,S,3472.0,0.0,NAO,D,S,14394.0,2491.0,NAO,,,,,
3417103-3,D,S,3472.0,3228.96,SIM,D,S,14394.0,2491.0,NAO,,,,,
3417104-1,D,S,4588.0,4266.84,SIM,D,S,19023.0,3292.0,NAO,,,,,
3417105-8,D,S,18391.0,17103.63,SIM,D,S,76275.0,53392.5,NAO,,,,,
3417106-6,D,S,3509.0,3263.37,SIM,D,S,14551.0,2518.0,NAO,,,,,
3417107-4,D,S,4430.0,443.0,NAO,D,S,18372.0,3179.0,NAO,,,,,
3417108-2,D,S,2455.0,0.0,NAO,D,S,10178.0,1762.0,NAO,,,,,
3417109-0,D,S,1339.0,0.0,NAO,D,S,5551.0,961.0,NAO,,,,,
3417110-8,D,S,3720.0,0.0,NAO,D,S,15423.0,2669.0,NAO,,,,,
3417111-6,D,S,4145.0,0.0,NAO,D,S,17188.0,2974.0,NAO,,,,,
3417112-4,D,S,774.0,0.0,NAO,D,S,3206.0,2981.58,SIM,,,,,
3417113-2,D,S,1032.0,0.0,NAO,D,S,4277.0,3977.61,SIM,,,,,
3417114-0,D,S,1187.0,0.0,NAO,D,S,4918.0,4573.74,SIM,,,,,
3417115-7,D,S,3076.0,0.0,NAO,D,S,12756.0,11863.08,SIM,,,,,
3417116-5,D,S,108066.0,0.0,NAO,D,S,448286.0,416905.98,SIM,,,,,
3417117-3,D,S,1806.0,0.0,NAO,D,S,7487.0,6962.91,SIM,,,,,
3417118-1,D,S,2206.0,0.0,NAO,D,S,9146.0,8505.78,SIM,,,,,
3417119-9,D,S,3632.0,0.0,NAO,D,S,15060.0,14005.8,SIM,,,,,
3417120-7,D,S,10933.0,10167.69,SIM,D,S,45345.0,7634.0,NAO,,,,,
3417121-5,D,S,2704.0,0.0,NAO,D,S,11211.0,1888.0,NAO,,,,,
3417122-3,D,S,5188.0,5188.0,SIM,D,S,21511.0,3622.0,NAO,,,,,
3417123-1,D,S,5853.0,0.0,NAO,D,S,24273.0,4087.0,NAO,,,,,
3417124-9,D,S,2958.0,284.42,NAO,D,S,12265.0,2065.0,NAO,,,,,
3417125-6,D,S,8310.0,831.0,NAO,D,S,34468.0,5803.0,NAO,,,,,
3417126-4,D,S,3541.0,1770.5,NAO,D,S,14684.0,2473.0,NAO,,,,,
3417127-2,D,S,1803.0,1676.79,SIM,D,S,7471.0,1259.0,NAO,,,,,
3417128-0,D,S,2318.0,2155.74,SIM,D,S,9611.0,1618.0,NAO,,,,,
3417129-8,D,S,6507.0,6051.51,SIM,D,S,26988.0,4544.0,NAO,,,,,
3417130-6,D,S,2125.0,0.0,NAO,D,S,8809.0,1484.0,NAO,,,,,
3417131-4,D,S,3992.0,3712.56,SIM,D,S,16554.0,2787.0,NAO,,,,,
3417132-2,D,S,3606.0,1803.0,NAO,D,S,14950.0,2518.0,NAO,,,,,
3417133-0,D,S,2704.0,0.0,NAO,D,S,11211.0,1888.0,NAO,,,,,
3417134-8,D,S,2061.0,1854.9,NAO,D,S,8541.0,1439.0,NAO,,,,,
3417135-5,D,S,1803.0,0.0,NAO,D,S,7471.0,1259.0,NAO,,,,,
3417136-3,D,S,6056.0,5632.08,SIM,D,S,25117.0,4229.0,NAO,,,,,
3417137-1,D,S,2962.0,2754.66,SIM,D,S,12279.0,2068.0,NAO,,,,,
3417138-9,D,S,3606.0,0.0,NAO,D,S,14950.0,2518.0,NAO,,,,,
3417139-7,D,S,2704.0,0.0,NAO,D,S,11211.0,1888.0,NAO,,,,,
3417140-5,D,S,4069.0,0.0,NAO,D,S,16874.0,2841.0,NAO,,,,,
3417141-3,D,S,4855.0,4515.15,SIM,D,S,20134.0,4026.79,NAO,,,,,
3417142-1,D,S,3863.0,0.0,NAO,D,S,16019.0,2698.0,NAO,,,,,
3417143-9,D,S,2704.0,0.0,NAO,D,S,11211.0,1888.0,NAO,,,,,
3417144-7,D,S,3881.0,3609.33,SIM,D,S,16094.0,2710.0,NAO,,,,,
3417145-4,D,S,2189.0,2035.77,SIM,D,S,9074.0,1529.0,NAO,,,,,
3417146-2,D,S,8836.0,8217.48,SIM,D,S,36645.0,6170.0,NAO,,,,,
3417147-0,D,S,4507.0,4173.48,NAO,D,S,18688.0,3147.0,NAO,,,,,
3417148-8,D,S,2885.0,0.0,NAO,D,S,11961.0,2014.0,NAO,,,,,
3417149-6,D,S,12682.0,11794.26,SIM,D,S,52595.0,8855.0,NAO,,,,,
3417150-4,D,S,1803.0,0.0,NAO,D,S,7471.0,1259.0,NAO,,,,,
3417151-2,D,S,1803.0,0.0,NAO,D,S,7471.0,1259.0,NAO,,,,,
3417152-0,D,S,3260.0,0.0,NAO,D,S,13517.0,2276.0,NAO,,,,,
3417153-8,D,S,3245.0,0.0,NAO,D,S,13455.0,2266.0,NAO,,,,,
3417154-6,D,S,2576.0,0.0,NAO,D,S,10678.0,1798.0,NAO,,,,,
3417155-3,D,S,495.0,0.0,NAO,D,S,2053.0,346.0,NAO,,,,,
3417156-1,D,S,22673.0,21085.89,SIM,D,S,94035.0,14884.0,NAO,,,,,
3417157-9,D,S,12957.0,0.0,NAO,D,S,53735.0,8506.0,NAO,,,,,
3417158-7,D,S,8392.0,6713.6,NAO,D,S,34801.0,5509.0,NAO,,,,,
3417159-5,D,S,7039.0,0.0,NAO,D,S,29189.0,4621.0,NAO,,,,,
3417160-3,D,S,3392.0,3392.0,SIM,D,S,14065.0,2227.0,NAO,,,,,
3417161-1,D,S,15314.0,14242.02,SIM,D,S,63509.0,10053.0,NAO,,,,,
3417162-9,D,S,6367.0,0.0,NAO,D,S,26403.0,4180.0,NAO,,,,,
3417163-7,D,S,13943.0,0.0,NAO,D,S,57825.0,9153.0,NAO,,,,,
3417164-5,D,S,1696.0,332.67,NAO,D,S,7030.0,1113.0,NAO,,,,,
3417165-2,D,S,11441.0,10640.13,SIM,D,S,47447.0,7510.0,NAO,,,,,
3417166-0,D,S,2531.0,0.0,NAO,D,S,10497.0,1662.0,NAO,,,,,
3417167-8,D,S,13565.0,12615.45,SIM,D,S,56256.0,8905.0,NAO,,,,,
3417168-6,D,S,3193.0,2969.49,SIM,D,S,13240.0,2096.0,NAO,,,,,
3417169-4,D,S,17306.0,17306.0,SIM,D,S,71776.0,11361.0,NAO,,,,,
3417170-2,D,S,5901.0,5878.3,NAO,D,S,24473.0,3874.0,NAO,,,,,
3417171-0,D,S,2495.0,0.0,NAO,D,S,10344.0,1638.0,NAO,,,,,
3417172-8,D,S,4252.0,0.0,NAO,D,S,17632.0,2792.0,NAO,,,,,
3417173-6,D,S,1696.0,0.0,NAO,D,S,7030.0,1114.0,NAO,,,,,
3417174-4,D,S,484.0,0.0,NAO,D,S,2006.0,319.0,NAO,,,,,
3417175-1,D,S,10559.0,6335.4,NAO,D,S,43790.0,6298.0,NAO,,,,,
3417176-9,D,S,21155.0,0.0,NAO,D,S,87739.0,12618.0,NAO,,,,,
3417177-7,D,S,3470.0,0.0,NAO,D,S,14386.0,2070.0,NAO,,,,,
3417178-5,D,S,5323.0,0.0,NAO,D,S,22074.0,3175.0,NAO,,,,,
3417179-3,D,S,4356.0,0.0,NAO,D,S,18062.0,2598.0,NAO,,,,,
3417180-1,D,S,12257.0,11399.01,SIM,D,S,50832.0,7311.0,NAO,,,,,
3417181-9,D,S,21118.0,0.0,NAO,D,S,87584.0,12596.0,NAO,,,,,
3417182-7,D,S,1735.0,1735.0,SIM,D,S,7190.0,5033.0,NAO,,,,,
3417183-5,D,S,5249.0,0.0,NAO,D,S,21764.0,3130.0,NAO,,,,,
3417184-3,D,S,5781.0,0.0,NAO,D,S,23973.0,3448.0,NAO,,,,,
3417185-0,D,S,4356.0,0.0,NAO,D,S,18062.0,2598.0,NAO,,,,,
3417186-8,D,S,5744.0,0.0,NAO,D,S,23820.0,3426.0,NAO,,,,,
3417187-6,D,S,16769.0,0.0,NAO,D,S,69549.0,10002.0,NAO,,,,,
3417188-4,D,S,8713.0,8103.09,SIM,D,S,36129.0,5196.0,NAO,,,,,
3417189-2,D,S,12257.0,11399.01,SIM,D,S,50832.0,7311.0,NAO,,,,,
3417190-0,D,S,11160.0,11160.0,SIM,D,S,46278.0,6656.0,NAO,,,,,
3417191-8,D,S,5205.0,5184.98,NAO,D,S,21585.0,3105.0,NAO,,,,,
3417192-6,D,S,2578.0,0.0,NAO,D,S,10684.0,1537.0,NAO,,,,,
3417193-4,D,S,1487.0,1382.91,SIM,D,S,6162.0,887.0,NAO,,,,,
3417194-2,D,S,7759.0,7729.15,NAO,D,S,32174.0,4627.0,NAO,,,,,
3417195-9,D,S,868.0,0.0,NAO,D,S,3596.0,517.0,NAO,,,,,
3417196-7,D,S,2305.0,0.0,NAO,D,S,9558.0,1375.0,NAO,,,,,
3417202-3,D,S,3391.0,339.1,NAO,D,S,14060.0,2340.0,NAO,,,,,
3417203-1,D,S,3004.0,1502.0,NAO,D,S,12453.0,2073.0,NAO,,,,,
3417204-9,D,S,2120.0,212.0,NAO,D,S,8787.0,1463.0,NAO,,,,,
3417205-6,D,S,3212.0,0.0,NAO,D,S,13321.0,2217.0,NAO,,,,,
3417206-4,D,S,3584.0,3584.0,SIM,D,S,14864.0,2474.0,NAO,,,,,
3417207-2,D,S,2580.0,0.0,NAO,D,S,10695.0,1780.0,NAO,,,,,
3417208-0,D,S,7097.0,0.0,NAO,D,S,29434.0,4898.0,NAO,,,,,
3417209-8,D,S,3960.0,0.0,NAO,D,S,16421.0,2733.0,NAO,,,,,
3417210-6,D,S,1211.0,717.28,NAO,D,S,5018.0,997.15,NAO,,,,,
3417211-4,D,S,3427.0,3187.11,SIM,D,S,14210.0,2365.0,NAO,,,,,
3417212-2,D,S,2084.0,1938.12,SIM,D,S,8633.0,1438.0,NAO,,,,,
3417213-0,D,S,2544.0,0.0,NAO,D,S,10544.0,1755.0,NAO,,,,,
3417214-8,D,S,2058.0,1913.94,SIM,D,S,8534.0,1421.0,NAO,,,,,
3417215-5,D,S,2544.0,0.0,NAO,D,S,10544.0,1755.0,NAO,,,,,
3417216-3,D,S,1695.0,169.5,NAO,D,S,7026.0,1170.0,NAO,,,,,
3417217-1,D,S,5876.0,5464.68,SIM,D,S,24367.0,4055.0,NAO,,,,,
3417218-9,D,S,1695.0,1576.35,SIM,D,S,7026.0,1170.0,NAO,,,,,
3417219-7,D,S,5371.0,4995.03,SIM,D,S,22274.0,3707.0,NAO,,,,,
3417220-5,D,S,2022.0,1880.46,SIM,D,S,8383.0,1396.0,NAO,,,,,
3417221-3,D,S,3295.0,2648.2,NAO,D,S,13659.0,4097.69,NAO,,,,,
3417222-1,D,S,2979.0,2770.47,SIM,D,S,12352.0,2056.0,NAO,,,,,
3417223-9,D,S,2544.0,1017.6,NAO,D,S,10544.0,1755.0,NAO,,,,,
3417224-7,D,S,5710.0,0.0,NAO,D,S,23681.0,3941.0,NAO,,,,,
3417225-4,D,S,4953.0,4419.59,NAO,D,S,20541.0,3419.0,NAO,,,,,
3417226-2,D,S,54046.0,10809.2,NAO,D,S,224169.0,37299.0,NAO,,,,,
3417227-0,D,S,3088.0,0.0,NAO,D,S,12804.0,2131.0,NAO,,,,,
3417228-8,D,S,2664.0,0.0,NAO,D,S,11045.0,1840.0,NAO,,,,,
3417229-6,D,S,4082.0,2449.2,NAO,D,S,16926.0,2818.0,NAO,,,,,
3417230-4,D,S,4257.0,4257.0,SIM,D,S,17654.0,2939.0,NAO,,,,,
3417231-2,D,S,15394.0,1539.4,NAO,D,S,63844.0,10095.0,NAO,,,,,
3417232-0,D,S,6723.0,6252.39,SIM,D,S,27881.0,4409.0,NAO,,,,,
3417233-8,D,S,2791.0,2595.63,SIM,D,S,11569.0,1830.0,NAO,,,,,
3417234-6,D,S,3372.0,0.0,NAO,D,S,13985.0,2212.0,NAO,,,,,
3417235-3,D,S,5059.0,4704.87,SIM,D,S,20976.0,3318.0,NAO,,,,,
3417236-1,D,S,2138.0,2129.76,NAO,D,S,8867.0,1403.0,NAO,,,,,
3417237-9,D,S,8503.0,1700.6,NAO,D,S,35265.0,5577.0,NAO,,,,,
3417238-7,D,S,2939.0,2927.66,NAO,D,S,12185.0,1927.0,NAO,,,,,
3417239-5,D,S,2095.0,2095.0,SIM,D,S,8685.0,1374.0,NAO,,,,,
3417240-3,D,S,3372.0,3135.96,SIM,D,S,13985.0,2212.0,NAO,,,,,
3417241-1,D,S,6458.0,6005.94,SIM,D,S,26783.0,4235.0,NAO,,,,,
3417242-9,D,S,3409.0,3170.37,SIM,D,S,14134.0,2235.0,NAO,,,,,
3417243-7,D,S,2720.0,2529.6,SIM,D,S,11277.0,1783.0,NAO,,,,,
3417244-5,D,S,1686.0,0.0,NAO,D,S,6989.0,1106.0,NAO,,,,,
3417245-2,D,S,2770.0,1048.9,NAO,D,S,11485.0,2297.0,NAO,,,,,
3417246-0,D,S,1686.0,0.0,NAO,D,S,6989.0,1106.0,NAO,,,,,
3417247-8,D,S,5059.0,4704.87,SIM,D,S,20976.0,3318.0,NAO,,,,,
3417248-6,D,S,1686.0,1567.98,SIM,D,S,6989.0,1106.0,NAO,,,,,
3417249-4,D,S,2892.0,2313.6,NAO,D,S,11989.0,3596.69,NAO,,,,,
3417250-2,D,S,3372.0,0.0,NAO,D,S,13985.0,2212.0,NAO,,,,,
3417251-0,D,S,2529.0,2351.97,SIM,D,S,10487.0,1659.0,NAO,,,,,
3417252-8,D,S,5059.0,468.42,NAO,D,S,20976.0,3318.0,NAO,,,,,
3417253-6,D,S,2529.0,2351.97,SIM,D,S,10487.0,1659.0,NAO,,,,,
3417254-4,D,S,3312.0,3080.16,SIM,D,S,13735.0,2172.0,NAO,,,,,
3417255-1,D,S,1686.0,1567.98,SIM,D,S,6989.0,1106.0,NAO,,,,,
3417256-9,D,S,19787.0,0.0,NAO,D,S,82064.0,12976.0,NAO,,,,,
3417257-7,D,S,1686.0,1567.98,SIM,D,S,6989.0,1106.0,NAO,,,,,
3417258-5,D,S,1927.0,1792.11,SIM,D,S,7987.0,1264.0,NAO,,,,,
3417259-3,D,S,14173.0,13180.89,SIM,D,S,58777.0,9294.0,NAO,,,,,
3417260-1,D,S,8503.0,7907.79,SIM,D,S,35265.0,5577.0,NAO,,,,,
3417261-9,D,S,5023.0,4671.39,SIM,D,S,20827.0,3294.0,NAO,,,,,
3417262-7,D,S,843.0,0.0,NAO,D,S,3493.0,553.0,NAO,,,,,
3417263-5,D,S,1566.0,0.0,NAO,D,S,6490.0,1027.0,NAO,,,,,
3417264-3,D,S,2047.0,0.0,NAO,D,S,8489.0,1342.0,NAO,,,,,
3417265-0,D,S,2529.0,0.0,NAO,D,S,10485.0,1493.0,NAO,,,,,
3417266-8,D,S,3373.0,3136.89,SIM,D,S,13984.0,9681.22,NAO,,,,,
3417267-6,D,S,7678.0,7678.0,SIM,D,S,31839.0,4533.0,NAO,,,,,
3417268-4,D,S,6816.0,0.0,NAO,D,S,28268.0,4024.0,NAO,,,,,
3417269-2,D,S,2312.0,1618.37,NAO,D,S,9587.0,1365.0,NAO,,,,,
3417270-0,D,S,3373.0,3136.89,SIM,D,S,13984.0,1991.0,NAO,,,,,
3417271-8,D,S,22861.0,0.0,NAO,D,S,94811.0,13496.0,NAO,,,,,
3417272-6,D,S,2108.0,1960.44,SIM,D,S,8737.0,1244.0,NAO,,,,,
3417273-4,D,S,1035.0,0.0,NAO,D,S,4292.0,611.0,NAO,,,,,
3417274-2,D,S,4903.0,4559.79,SIM,D,S,20332.0,2894.0,NAO,,,,,
3417275-9,D,S,15356.0,14281.08,SIM,D,S,63683.0,9065.0,NAO,,,,,
3417276-7,D,S,5058.0,4703.94,SIM,D,S,20975.0,2986.0,NAO,,,,,
3417277-5,D,S,3373.0,3136.89,SIM,D,S,13984.0,2796.79,NAO,,,,,
3417278-3,D,S,3373.0,3136.89,SIM,D,S,13984.0,1991.0,NAO,,,,,
3417279-1,D,S,6715.0,6244.95,SIM,D,S,27846.0,3964.0,NAO,,,,,
3417280-9,D,S,25402.0,0.0,NAO,D,S,105351.0,14996.0,NAO,,,,,
3417281-7,D,S,5058.0,4703.94,SIM,D,S,20975.0,2986.0,NAO,,,,,
3417282-5,D,S,3373.0,0.0,NAO,D,S,13984.0,1991.0,NAO,,,,,
3417283-3,D,S,2571.0,2391.03,SIM,D,S,10659.0,1518.0,NAO,,,,,
3417284-1,D,S,30931.0,0.0,NAO,D,S,128280.0,18259.0,NAO,,,,,
3417285-8,D,S,5721.0,0.0,NAO,D,S,23720.0,3377.0,NAO,,,,,
3417286-6,D,S,494.0,459.42,SIM,D,S,2044.0,292.0,NAO,,,,,
3417287-4,D,S,7551.0,0.0,NAO,D,S,31317.0,4459.0,NAO,,,,,
3417288-2,D,S,6847.0,0.0,NAO,D,S,28397.0,4812.0,NAO,,,,,
3417289-0,D,S,2194.0,2194.0,SIM,D,S,9096.0,1542.0,NAO,,,,,
3417290-8,D,S,3063.0,3063.0,SIM,D,S,12701.0,2153.0,NAO,,,,,
3417291-6,D,S,2680.0,0.0,NAO,D,S,11109.0,1884.0,NAO,,,,,
3417292-4,D,S,2451.0,2451.0,SIM,D,S,10157.0,1722.0,NAO,,,,,
3417293-2,D,S,20826.0,19368.18,SIM,D,S,86377.0,14637.0,NAO,,,,,
3417294-0,D,S,2198.0,2044.14,SIM,D,S,9113.0,1545.0,NAO,,,,,
3417295-7,D,S,4592.0,4270.56,SIM,D,S,19043.0,3227.0,NAO,,,,,
3417296-5,D,S,4792.0,4792.0,SIM,D,S,19872.0,3368.0,NAO,,,,,
3417297-3,D,S,6330.0,0.0,NAO,D,S,26252.0,4449.0,NAO,,,,,
3417298-1,D,S,10873.0,10111.89,SIM,D,S,45097.0,7642.0,NAO,,,,,
3417299-9,D,S,3165.0,0.0,NAO,D,S,13123.0,2224.0,NAO,,,,,
3417300-5,D,S,5488.0,5103.84,SIM,D,S,22759.0,3857.0,NAO,,,,,
3417301-3,D,S,9010.0,0.0,NAO,D,S,37370.0,6333.0,NAO,,,,,
3417302-1,D,S,17244.0,0.0,NAO,D,S,71521.0,12120.0,NAO,,,,,
3417303-9,D,S,6656.0,6190.08,SIM,D,S,27604.0,4678.0,NAO,,,,,
3417304-7,D,S,7223.0,7223.0,SIM,D,S,29958.0,5077.0,NAO,,,,,
3417305-4,D,S,5629.0,562.9,NAO,D,S,23344.0,3956.0,NAO,,,,,
3417306-2,D,S,8972.0,4486.0,NAO,D,S,37210.0,6306.0,NAO,,,,,
3417307-0,D,S,8972.0,4486.0,NAO,D,S,37210.0,6306.0,NAO,,,,,
3417308-8,D,S,5232.0,0.0,NAO,D,S,21698.0,3679.0,NAO,,,,,
3417309-6,D,S,2250.0,2092.5,SIM,D,S,10115.0,1260.0,NAO,,,,,
3417310-4,D,S,2872.0,2872.0,SIM,D,S,12916.0,1609.0,NAO,,,,,
3417311-2,D,S,18481.0,18481.0,SIM,D,S,83151.0,10352.0,NAO,,,,,
3417312-0,D,S,6700.0,670.0,NAO,D,S,30147.0,3754.0,NAO,,,,,
3417313-8,D,S,2995.0,2785.35,SIM,D,S,13474.0,1678.0,NAO,,,,,
3417314-6,D,S,7494.0,0.0,NAO,D,S,33718.0,4198.0,NAO,,,,,
3417315-3,D,S,5818.0,0.0,NAO,D,S,26177.0,3260.0,NAO,,,,,
3417316-1,D,S,14712.0,14655.39,NAO,D,S,66194.0,8241.0,NAO,,,,,
3417317-9,D,S,1679.0,0.0,NAO,D,S,7549.0,941.0,NAO,,,,,
3417318-7,D,S,2936.0,2718.73,NAO,D,S,13206.0,1645.0,NAO,,,,,
3417319-5,D,S,4524.0,4524.0,SIM,D,S,20353.0,14247.09,NAO,,,,,
3417320-3,D,S,4973.0,4624.89,SIM,D,S,22369.0,2785.0,NAO,,,,,
3417321-1,D,S,20195.0,18781.35,SIM,D,S,90870.0,11313.0,NAO,,,,,
3417322-9,D,S,3844.0,3844.0,SIM,D,S,17293.0,17293.0,SIM,,,,,
3417323-7,D,S,6568.0,6568.0,SIM,D,S,29549.0,3679.0,NAO,,,,,
3417324-5,D,S,43911.0,40837.23,SIM,D,S,197583.0,24598.0,NAO,,,,,
3417325-2,D,S,1894.0,1761.42,SIM,D,S,8518.0,1061.0,NAO,,,,,
3417326-0,D,S,3315.0,0.0,NAO,D,S,14909.0,1857.0,NAO,,,,,
3417327-8,D,S,2477.0,247.7,NAO,D,S,11141.0,1388.0,NAO,,,,,
3417328-6,D,S,3315.0,3315.0,SIM,D,S,14909.0,14909.0,SIM,,,,,
3417329-4,D,S,4853.0,0.0,NAO,D,S,21837.0,2719.0,NAO,,,,,
3417330-2,D,S,4002.0,4002.0,SIM,D,S,18001.0,18001.0,SIM,,,,,
3417331-0,D,S,4108.0,0.0,NAO,D,S,18478.0,2301.0,NAO,,,,,
3417332-8,D,S,4877.0,0.0,NAO,D,S,21943.0,2732.0,NAO,,,,,
3417333-6,D,S,2427.0,0.0,NAO,D,S,10914.0,1361.0,NAO,,,,,
3417334-4,D,S,3417.0,3417.0,SIM,D,S,15369.0,2231.0,NAO,,,,,
3417335-1,D,S,5047.0,0.0,NAO,D,S,22702.0,3295.0,NAO,,,,,
3417336-9,D,S,2174.0,2174.0,SIM,D,S,9778.0,1420.0,NAO,,,,,
3417337-7,D,S,4395.0,4087.35,SIM,D,S,19770.0,2870.0,NAO,,,,,
3417338-5,D,S,3051.0,3051.0,SIM,D,S,13722.0,1992.0,NAO,,,,,
3417339-3,D,S,4348.0,4348.0,SIM,D,S,19562.0,2840.0,NAO,,,,,
3417340-1,D,S,5174.0,4811.82,SIM,D,S,23275.0,3378.0,NAO,,,,,
3417341-9,D,S,1739.0,1617.27,SIM,D,S,7824.0,1136.0,NAO,,,,,
3417342-7,D,S,2647.0,0.0,NAO,D,S,11902.0,1728.0,NAO,,,,,
3417343-5,D,S,3069.0,3069.0,SIM,D,S,13804.0,2004.0,NAO,,,,,
3417344-3,D,S,4348.0,0.0,NAO,D,S,19562.0,2840.0,NAO,,,,,
3417345-0,D,S,5802.0,5395.86,SIM,D,S,26100.0,3788.0,NAO,,,,,
3417346-8,D,S,4348.0,0.0,NAO,D,S,19562.0,2840.0,NAO,,,,,
3417347-6,D,S,2820.0,0.0,NAO,D,S,12684.0,1842.0,NAO,,,,,
3417348-4,D,S,2665.0,266.5,NAO,D,S,11985.0,1740.0,NAO,,,,,
3417349-2,D,S,13231.0,12304.83,SIM,D,S,59537.0,8640.0,NAO,,,,,
3417350-0,D,S,2584.0,2403.12,SIM,D,S,11624.0,1688.0,NAO,,,,,
3417351-8,D,S,2919.0,2714.67,SIM,D,S,13131.0,1906.0,NAO,,,,,
3417352-6,D,S,2956.0,2956.0,SIM,D,S,13297.0,1931.0,NAO,,,,,
3417353-4,D,S,2174.0,2021.82,SIM,D,S,9778.0,1420.0,NAO,,,,,
3417354-2,D,S,3329.0,3329.0,SIM,D,S,14978.0,2174.0,NAO,,,,,
3417355-9,D,S,2833.0,2634.69,SIM,D,S,12739.0,1850.0,NAO,,,,,
3417356-7,D,S,3804.0,1902.0,NAO,D,S,17109.0,2484.0,NAO,,,,,
3417357-5,D,S,2760.0,0.0,NAO,D,S,12412.0,1802.0,NAO,,,,,
3417358-3,D,S,4200.0,3906.0,SIM,D,S,18892.0,2742.0,NAO,,,,,
3417359-1,D,S,2174.0,2021.82,SIM,D,S,9778.0,1420.0,NAO,,,,,
3417360-9,D,S,1627.0,1513.11,SIM,D,S,7321.0,1063.0,NAO,,,,,
3417361-7,D,S,4395.0,439.5,NAO,D,S,19770.0,2870.0,NAO,,,,,
3417362-5,D,S,5147.0,4786.71,SIM,D,S,23155.0,3361.0,NAO,,,,,
3417363-3,D,S,4348.0,4043.64,SIM,D,S,19562.0,2840.0,NAO,,,,,
3417364-1,D,S,3485.0,3241.05,SIM,D,S,15676.0,2276.0,NAO,,,,,
3417365-8,D,S,3242.0,3242.0,SIM,D,S,14585.0,2117.0,NAO,,,,,
3417366-6,D,S,7691.0,7152.63,SIM,D,S,34608.0,5023.0,NAO,,,,,
3417367-4,D,S,2013.0,0.0,NAO,D,S,9052.0,1314.0,NAO,,,,,
3417368-2,D,S,10605.0,1060.5,NAO,D,S,47712.0,6925.0,NAO,,,,,
3417369-0,D,S,13231.0,0.0,NAO,D,S,59537.0,8640.0,NAO,,,,,
3417370-8,D,S,410.0,0.0,NAO,D,S,1843.0,268.0,NAO,,,,,
3417371-6,D,S,1255.0,0.0,NAO,D,S,5643.0,819.0,NAO,,,,,
3417372-4,D,S,3526.0,3279.18,SIM,D,S,15859.0,2357.0,NAO,,,,,
3417373-2,D,S,10577.0,9836.61,SIM,D,S,47591.0,7069.0,NAO,,,,,
3417374-0,D,S,2261.0,2102.73,SIM,D,S,10169.0,1511.0,NAO,,,,,
3417375-7,D,S,2772.0,0.0,NAO,D,S,12468.0,1853.0,NAO,,,,,
3417376-5,D,S,3034.0,2821.62,SIM,D,S,13646.0,2027.0,NAO,,,,,
3417377-3,D,S,7051.0,0.0,NAO,D,S,31725.0,4713.0,NAO,,,,,
3417378-1,D,S,7390.0,2217.0,NAO,D,S,33249.0,4939.0,NAO,,,,,
3417379-9,D,S,3289.0,0.0,NAO,D,S,14795.0,2198.0,NAO,,,,,
3417380-7,D,S,4583.0,0.0,NAO,D,S,20620.0,3063.0,NAO,,,,,
3417381-5,D,S,6926.0,6441.18,SIM,D,S,31157.0,4628.0,NAO,,,,,
3417382-3,D,S,9803.0,0.0,NAO,D,S,44104.0,6552.0,NAO,,,,,
3417383-1,D,S,7051.0,0.0,NAO,D,S,31725.0,4713.0,NAO,,,,,
3417384-9,D,S,9515.0,9515.0,SIM,D,S,42811.0,6359.0,NAO,,,,,
3417385-6,D,S,2292.0,2131.56,SIM,D,S,10310.0,1532.0,NAO,,,,,
3417386-4,D,S,7611.0,0.0,NAO,D,S,34248.0,5087.0,NAO,,,,,
3417387-2,D,S,11525.0,0.0,NAO,D,S,51852.0,7702.0,NAO,,,,,
3417388-0,D,S,1744.0,1621.92,SIM,D,S,7843.0,1166.0,NAO,,,,,
3417389-8,D,S,21003.0,19532.79,SIM,D,S,94507.0,14037.0,NAO,,,,,
3417390-6,D,S,5859.0,5448.87,SIM,D,S,26359.0,3916.0,NAO,,,,,
3417391-4,D,S,2617.0,261.7,NAO,D,S,11767.0,1749.0,NAO,,,,,
3417392-2,D,S,2617.0,2433.81,SIM,D,S,11767.0,1749.0,NAO,,,,,
3417393-0,D,S,1763.0,1639.59,SIM,D,S,7927.0,1178.0,NAO,,,,,
3417394-8,D,S,5232.0,0.0,NAO,D,S,23540.0,3497.0,NAO,,,,,
3417395-5,D,S,3526.0,3279.18,SIM,D,S,15859.0,2356.0,NAO,,,,,
3417396-3,D,S,2990.0,0.0,NAO,D,S,13451.0,1998.0,NAO,,,,,
3417397-1,D,S,2952.0,0.0,NAO,D,S,13277.0,1972.0,NAO,,,,,
3417398-9,D,S,1869.0,0.0,NAO,D,S,8403.0,1249.0,NAO,,,,,
3417399-7,D,S,518.0,481.74,SIM,D,S,2328.0,347.0,NAO,,,,,
3417400-3,D,S,9877.0,5926.2,NAO,D,S,44439.0,5759.0,NAO,,,,,
3417401-1,D,S,6442.0,6410.78,NAO,D,S,28986.0,3756.0,NAO,,,,,
3417402-9,D,S,3021.0,3021.0,SIM,D,S,13586.0,1761.0,NAO,,,,,
3417403-7,D,S,2662.0,0.0,NAO,D,S,11974.0,1552.0,NAO,,,,,
3417404-5,D,S,5346.0,0.0,NAO,D,S,24050.0,3117.0,NAO,,,,,
3417405-2,D,S,19859.0,18468.87,SIM,D,S,89359.0,11579.0,NAO,,,,,
3417406-0,D,S,4089.0,3802.77,SIM,D,S,18393.0,2384.0,NAO,,,,,
3417407-8,D,S,2443.0,2433.6,NAO,D,S,10987.0,1424.0,NAO,,,,,
3417408-6,D,S,3257.0,3029.01,SIM,D,S,14650.0,1899.0,NAO,,,,,
3417409-4,D,S,4072.0,407.2,NAO,D,S,18316.0,2374.0,NAO,,,,,
3417410-2,D,S,3254.0,3254.0,SIM,D,S,14635.0,1897.0,NAO,,,,,
3417411-0,D,S,1977.0,197.7,NAO,D,S,8895.0,1153.0,NAO,,,,,
3417412-8,D,S,29842.0,0.0,NAO,D,S,134277.0,17399.0,NAO,,,,,
3417413-6,D,S,21523.0,21523.0,SIM,D,S,96846.0,12549.0,NAO,,,,,
3417414-4,D,S,11506.0,11506.0,SIM,D,S,51768.0,6708.0,NAO,,,,,
3417415-1,D,S,14444.0,14444.0,SIM,D,S,64991.0,8421.0,NAO,,,,,
3417416-9,D,S,4886.0,0.0,NAO,D,S,21981.0,2849.0,NAO,,,,,
3417417-7,D,S,8178.0,4089.0,NAO,D,S,36796.0,4768.0,NAO,,,,,
3417418-5,D,S,8178.0,7605.54,SIM,D,S,36796.0,4768.0,NAO,,,,,
3417419-3,D,S,2575.0,257.5,NAO,D,S,11581.0,1501.0,NAO,,,,,
3417420-1,D,S,2401.0,0.0,NAO,D,S,10800.0,1400.0,NAO,,,,,
3417421-9,D,S,1164.0,0.0,NAO,D,S,5230.0,678.0,NAO,,,,,
3417422-7,D,S,791.0,0.0,NAO,D,S,3557.0,461.0,NAO,,,,,
3417423-5,D,S,1558.0,0.0,NAO,D,S,7011.0,909.0,NAO,,,,,
3417424-3,D,S,768.0,0.0,NAO,D,S,3452.0,448.0,NAO,,,,,
3417199-1,D,S,43192.0,0.0,NAO,D,S,179328.0,58168.0,NAO,,,,,
3417200-7,D,S,4415.0,0.0,NAO,D,S,18328.0,5946.0,NAO,,,,,
3417201-5,D,S,4415.0,0.0,NAO,D,S,18328.0,5946.0,NAO,,,,,
3417425-0,D,S,138278.0,96794.6,NAO,,,,,,,,,,
3417428-4,D,S,75245.0,75245.0,SIM,,,,,,,,,,
3417429-2,D,S,30043.0,0.0,NAO,,,,,,,,,,
3417430-0,D,S,99326.0,0.0,NAO,,,,,,,,,,
3417431-8,D,S,72211.0,0.0,NAO,,,,,,,,,,
3417432-6,D,S,119331.0,0.0,NAO,I,S,118942.0,0.0,NAO,R,S,389.0,0.0,NAO
3417434-2,D,S,3652.0,0.0,NAO,,,,,,,,,,
3417435-9,D,S,3908.0,0.0,NAO,,,,,,,,,,
3417436-7,D,S,6411.0,0.0,NAO,,,,,,,,,,
3417437-5,D,S,6632.0,0.0,NAO,,,,,,,,,,
3417438-3,D,S,13256.0,0.0,NAO,,,,,,,,,,
3417439-1,D,S,1950.0,0.0,NAO,,,,,,,,,,
3417440-9,D,S,5645.0,0.0,NAO,,,,,,,,,,
3417441-7,D,S,3263.0,3034.59,SIM,,,,,,,,,,
3417442-5,D,S,9790.0,9790.0,SIM,,,,,,,,,,
3417443-3,D,S,3255.0,3027.15,SIM,,,,,,,,,,
3417444-1,D,S,5645.0,5080.5,NAO,,,,,,,,,,
3417445-8,D,S,9790.0,9790.0,SIM,,,,,,,,,,
3417446-6,D,S,3255.0,3255.0,SIM,,,,,,,,,,
3417447-4,D,S,3255.0,3255.0,SIM,,,,,,,,,,
3417448-2,D,S,10668.0,9921.24,SIM,,,,,,,,,,
3417449-0,D,S,2495.0,249.5,NAO,,,,,,,,,,
3417450-8,D,S,3663.0,3296.7,NAO,,,,,,,,,,
3417451-6,D,S,5582.0,2791.0,NAO,,,,,,,,,,
3417452-4,D,S,3439.0,3095.1,NAO,,,,,,,,,,
3417453-2,D,S,12390.0,6195.0,NAO,,,,,,,,,,
3417454-0,D,S,11148.0,0.0,NAO,I,S,11075.0,0.0,NAO,R,S,73.0,0.0,NAO
3417455-7,D,S,9242.0,4621.0,NAO,,,,,,,,,,
3417456-5,D,S,3154.0,3141.86,NAO,,,,,,,,,,
3417457-3,D,S,2744.0,0.0,NAO,,,,,,,,,,
3417458-1,D,S,2744.0,0.0,NAO,,,,,,,,,,
3417459-9,D,S,2943.0,0.0,NAO,,,,,,,,,,
3417460-7,D,S,3942.0,0.0,NAO,,,,,,,,,,
3417461-5,D,S,2285.0,0.0,NAO,,,,,,,,,,
1978993-2,D,N,39552.0,19776.0,NAO,,,,,,,,,,
3417462-3,D,S,31206.0,0.0,NAO,,,,,,,,,,
3417463-1,D,S,12817.0,0.0,NAO,,,,,,,,,,
3417464-9,D,S,17715.0,16474.95,SIM,,,,,,,,,,
3417465-6,D,S,4211.0,4211.0,SIM,,,,,,,,,,
3417466-4,D,S,4714.0,0.0,NAO,,,,,,,,,,
3417467-2,D,S,16375.0,0.0,NAO,,,,,,,,,,
3417468-0,D,S,19317.0,19317.0,SIM,D,S,80842.0,16373.0,NAO,,,,,
3417469-8,D,S,863.0,802.59,SIM,D,S,3606.0,1081.8,NAO,,,,,
3417470-6,D,S,7005.0,700.5,NAO,D,S,29310.0,5937.0,NAO,,,,,
3417471-4,D,S,25872.0,2587.2,NAO,D,S,108276.0,21929.0,NAO,,,,,
3417472-2,D,S,38779.0,36064.47,SIM,D,S,162298.0,32870.0,NAO,,,,,
3417473-0,D,S,9689.0,0.0,NAO,,,,,,,,,,
3417474-8,D,S,1108.0,0.0,NAO,,,,,,,,,,
3417475-5,D,S,1578.0,0.0,NAO,,,,,,,,,,
3417476-3,D,S,6865.0,0.0,NAO,,,,,,,,,,
3417477-1,D,S,1246.0,0.0,NAO,,,,,,,,,,
3417478-9,D,S,6229.0,0.0,NAO,,,,,,,,,,
3417479-7,D,S,3559.0,0.0,NAO,,,,,,,,,,
3417480-5,D,S,2387.0,0.0,NAO,,,,,,,,,,
3417481-3,D,S,1116.0,0.0,NAO,,,,,,,,,,
3417482-1,D,S,1631.0,0.0,NAO,,,,,,,,,,
3417483-9,D,S,1607.0,0.0,NAO,,,,,,,,,,
3417484-7,D,S,4597.0,0.0,NAO,,,,,,,,,,
3417485-4,D,S,4537.0,4083.3,NAO,,,,,,,,,,
3417486-2,D,S,7862.0,0.0,NAO,,,,,,,,,,
3417487-0,D,S,2822.0,2822.0,SIM,,,,,,,,,,
3417488-8,D,S,8246.0,7668.78,SIM,,,,,,,,,,
3417489-6,D,S,8246.0,7668.78,SIM,,,,,,,,,,
3417490-4,D,S,15972.0,0.0,NAO,,,,,,,,,,
3417491-2,D,S,1107.0,0.0,NAO,,,,,,,,,,
3417492-0,D,S,6795.0,0.0,NAO,,,,,,,,,,
3417493-8,D,S,1989.0,1849.77,SIM,,,,,,,,,,
3417494-6,D,S,2556.0,2377.08,SIM,,,,,,,,,,
3417495-3,D,S,6981.0,0.0,NAO,,,,,,,,,,
3417496-1,D,S,14406.0,0.0,NAO,,,,,,,,,,
3417497-9,D,S,11462.0,0.0,NAO,,,,,,,,,,
3417498-7,D,S,11118.0,0.0,NAO,,,,,,,,,,
3417499-5,D,S,3564.0,0.0,NAO,,,,,,,,,,
3417500-0,D,S,1536.0,0.0,NAO,,,,,,,,,,
3417501-8,D,S,7203.0,0.0,NAO,,,,,,,,,,
3417502-6,D,S,15053.0,0.0,NAO,,,,,,,,,,
3417503-4,D,S,9314.0,0.0,NAO,,,,,,,,,,
3417504-2,D,S,48207.0,48207.0,SIM,,,,,,,,,,
3417505-9,D,S,13301.0,0.0,NAO,,,,,,,,,,
3417506-7,D,S,21064.0,0.0,NAO,,,,,,,,,,
3417507-5,D,S,5125.0,4766.25,SIM,,,,,,,,,,
3417508-3,D,S,6157.0,1231.4,NAO,,,,,,,,,,
3417509-1,D,S,5325.0,0.0,NAO,,,,,,,,,,
3417510-9,D,S,2336.0,0.0,NAO,,,,,,,,,,
3417511-7,D,S,2146.0,0.0,NAO,,,,,,,,,,
3417512-5,D,S,3823.0,0.0,NAO,,,,,,,,,,
3417513-3,D,S,4350.0,4045.5,SIM,,,,,,,,,,
3417516-6,D,S,137732.0,82639.2,NAO,,,,,,,,,,
3046781-5,D,S,133299.0,133299.0,SIM,,,,,,,,,,
3417517-4,D,S,13317.0,0.0,NAO,,,,,,,,,,
3417518-2,D,S,57933.0,0.0,NAO,,,,,,,,,,
3417519-0,D,S,173483.0,0.0,NAO,,,,,,,,,,
3417520-8,D,S,112738.0,0.0,NAO,,,,,,,,,,
3417521-6,D,S,209450.0,0.0,NAO,,,,,,,,,,
3417522-4,D,S,40942.0,0.0,NAO,,,,,,,,,,
3417523-2,D,S,7807.0,7260.51,SIM,,,,,,,,,,
3417524-0,D,S,15010.0,0.0,NAO,,,,,,,,,,
3417525-7,D,S,25968.0,0.0,NAO,,,,,,,,,,
3417528-1,D,S,47822.0,0.0,NAO,,,,,,,,,,
3417529-9,D,S,4511.0,0.0,NAO,,,,,,,,,,
3417530-7,D,S,18765.0,0.0,NAO,,,,,,,,,,
3417426-8,D,S,123253.0,114625.29,SIM,,,,,,,,,,
