ii|dv
1820819|9
1820820|7
1820821|5
1820822|3
1820823|1
1820824|9
1820825|6
1820826|4
1820827|2
1820828|0
1820829|8
1820830|6
1820831|4
1820832|2
1820833|0
1820834|8
1820835|5
1820836|3
1820837|1
1820838|9
1820839|7
1820840|5
1820841|3
1820842|1
1820843|9
1820844|7
1820845|4
1820846|2
1820847|0
1824848|4
1820849|6
1820850|4
1820851|2
1820852|0
1820853|8
1820854|6
1820855|3
1820856|1
1820857|9
1820858|7
1820859|5
1820860|3
1820861|1
1820862|9
1820863|7
1820864|5
1820865|2
1820866|0
1820867|8
1820868|6
1820869|4
1820870|2
1820871|0
1820872|8
1820873|6
1820874|4
1820875|1
1820876|9
1820877|7
1820878|5
1820879|3
1820880|1
1820881|9
1820882|7
1820883|5
1820884|3
1820885|0
1820886|8
1820887|6
1820888|4
1820889|2
1820890|0
1820891|8
1820892|6
1820893|4
1820894|2
1820895|9
1820896|7
1820897|5
1820898|3
1820899|1
1820900|7
1820901|5
1820902|3
1820903|1
1820904|9
1820905|6
1820906|4
1820907|2
1820908|0
1820909|8
1820910|6
1820911|4
1820912|2
1820913|0
1820914|8
1820915|5
1820916|3
1820917|1
1820918|9
1820919|7
1820920|5
1820921|3
1820922|1
1820923|9
1820924|7
1820925|4
1820926|2
1820927|0
1820928|8
1820929|6
1820930|4
1820931|2
1820932|0
1820933|8
1820934|6
1820935|3
1820936|1
1820937|9
1820938|7
1820939|5
1820940|3
1820941|1
1820942|9
1820943|7
1820944|5
1820945|2
1820946|0
1820947|8
1820948|6
1820949|4
1820950|2
1820951|0
1820952|8
1820953|6
1820954|4
1820955|1
1820956|9
1820957|7
1820958|5
1820959|3
1820960|1
1820961|9
1820962|7
1820963|5
1820964|3
1820965|0
1820966|8
1820967|6
1820968|4
1820969|2
1820970|0
1820971|8
1820972|6
1820973|4
1820974|2
1820975|9
1820976|7
1820977|5
1820978|3
1820979|1
1820980|9
1820981|7
1820982|5
1820983|3
1820984|1
1820985|8
1820986|6
1820987|4
1820988|2
1820989|0
1820990|8
1820991|6
1820992|4
1820993|2
1820994|0
1820995|7
1820996|5
1820997|3
1820998|1
1820999|9
1821000|5
1821001|3
1821002|1
1821003|9
1821004|7
1821005|4
1821006|2
1821007|0
1821008|8
1821009|6
1821010|4
1821032|8
1821033|6
1821034|4
1821035|1
1821036|9
1821037|7
1821038|5
1821039|3
1821040|1
1821041|9
1821042|7
1821043|5
1821044|3
1821045|0
1821046|8
1821047|6
1821048|4
1821049|2
1821050|0
1821051|8
1821052|6
1821053|4
1821054|2
1821055|9
1821056|7
1821057|5
1821058|3
1821059|1
1821060|9
1821061|7
1821062|5
1821063|3
1821064|1
1821065|8
1821066|6
1821067|4
1821068|2
1821069|0
1821070|8
1821071|6
1821072|4
1821073|2
1821074|0
1821075|7
1821076|5
1821077|3
1821078|1
1821079|9
1821080|7
1821081|5
1821082|3
1821083|1
1821084|9
1821085|6
1821086|4
1821087|2
1821088|0
1821089|8
1821090|6
1821091|4
1821092|2
1821093|0
1821094|8
1821095|5
1821096|3
1821097|1
1821098|9
1821099|7
1821100|3
1821101|1
1821102|9
1821103|7
1821104|5
1821105|2
1821106|0
1821107|8
1821108|6
1821109|4
1821110|2
1821111|0
1821112|8
1821113|6
1821114|4
1821115|1
1821116|9
1821117|7
1821118|5
1821119|3
1821120|1
1821121|9
1821122|7
1821123|5
1821124|3
1821125|0
1821126|8
1821127|6
1821128|4
1821129|2
1821130|0
1821131|8
1821132|6
1821133|4
1821134|2
1821135|9
1821136|7
1821137|5
1821138|3
1821139|1
1821140|9
1821141|7
1821142|5
1821143|3
1821144|1
1821145|8
1821146|6
1821147|4
1821148|2
1821149|0
1821150|8
1821151|6
1821152|4
1821153|2
1821154|0
1821155|7
1821156|5
1821157|3
1821158|1
1821159|9
1821160|7
1821161|5
1821162|3
1821163|1
1821164|9
1821165|6
1821166|4
1821167|2
1821168|0
1821169|8
1821170|6
1821171|4
1821172|2
1821173|0
1821174|8
1821175|5
1821176|3
1821177|1
1821178|9
1821179|7
1821180|5
1821181|3
1821182|1
1821183|9
1821184|7
1821185|4
1821186|2
1821187|0
1821188|8
1821189|6
1821190|4
1821191|2
1821192|0
1821193|8
1821194|6
1821195|3
1821196|1
1821197|9
1821198|7
1821199|5
1821200|1
1821201|9
1821202|7
1821203|5
1821204|3
1821205|0
1821206|8
1821207|6
1821208|4
1821209|2
1821210|0
1821211|8
1821212|6
1821213|4
1821214|2
1821215|9
1821216|7
1821217|5
1821218|3
1821219|1
1821220|9
1821221|7
1821222|5
1821223|3
1821224|1
1821225|8
1821226|6
1821227|4
1821228|2
1821229|0
1821230|8
1821231|6
1821232|4
1821233|2
1821234|0
1821235|7
1821236|5
1821237|3
1821238|1
1821239|9
1821240|7
1821241|5
1821242|3
1821243|1
1821244|9
1821245|6
1821246|4
1821247|2
1821248|0
1821249|8
1821250|6
1821251|4
1821252|2
1821253|0
1821254|8
1821255|5
1821256|3
1821257|1
1821258|9
1821259|7
1821260|5
1821261|3
1821262|1
1821263|9
1821264|7
1821265|4
1821266|2
1821267|0
1821268|8
1821269|6
1821270|4
1821271|2
1821272|0
1821273|8
1821274|6
1821275|3
1821276|1
1821277|9
1821278|7
1821279|5
1821280|3
1821281|1
1821282|9
1821283|7
1821284|5
1821286|0
1821287|8
1821288|6
1821289|4
1821290|2
1821291|0
1821292|8
1821293|6
1821294|4
1821295|1
1821296|9
1821297|7
1821298|5
1821299|3
1821300|9
1821301|7
1821302|5
1821303|3
1821304|1
1821309|0
1821310|8
1821311|6
1821312|4
1821313|2
1821314|0
1821315|7
1821316|5
1821317|3
1821318|1
1821319|9
1821320|7
1821321|5
1821322|3
1821324|9
1821325|6
1821326|4
1821327|2
1821328|0
1821329|8
1821330|6
1821331|4
1821332|2
1821333|0
1821334|8
1821335|5
1821336|3
1821337|1
1821338|9
1821339|7
1821340|5
1821341|3
1821342|1
1821343|9
1821344|7
1821345|4
1821346|2
1821347|0
1821348|8
1821349|6
1821350|4
1821351|2
1821352|0
1821353|8
1821354|6
1821355|3
1821356|1
1821357|9
1821358|7
1821359|5
1821360|3
1821361|1
1821362|9
1821363|7
1821364|5
1821365|2
1821366|0
1821367|8
1821368|6
1821369|4
1821370|2
1821371|0
1821372|8
1821373|6
1821374|4
1821375|1
1821376|9
1821377|7
1821378|5
1821379|3
1821380|1
1821381|9
1821382|7
1821383|5
1821384|3
1821385|0
1821386|8
1821387|6
1821388|4
1821389|2
1821390|0
1821391|8
1821392|6
1821393|4
1821394|2
1821395|9
1821396|7
1821397|5
1821398|3
1821399|1
1821400|7
1821401|5
1821402|3
1821403|1
1821404|9
1821405|6
1821406|4
1821407|2
1821408|0
1821409|8
1821410|6
1821411|4
1821412|2
1821413|0
1821414|8
1821415|5
1821416|3
1821417|1
1821418|9
1821419|7
1821420|5
1821421|3
1821422|1
1821423|9
1821424|7
1821425|4
1821426|2
1821427|0
1821428|8
1821429|6
1821430|4
1821431|2
1821432|0
1821433|8
1821434|6
1821435|3
1821436|1
1821437|9
1821438|7
1821439|5
1821440|3
1821441|1
1821442|9
1821443|7
1821444|5
1821445|2
1821446|0
1821447|8
1821448|6
1821449|4
1821450|2
1821451|0
1821452|8
1821453|6
1821454|4
1821455|1
1821456|9
1821457|7
1821458|5
1821459|3
1821460|1
1821461|9
1821462|7
1821463|5
1821464|3
1821465|0
1821466|8
1821467|6
1821468|4
1821469|2
1821470|0
1821471|8
1821472|6
1821473|4
1821474|2
1821475|9
1821476|7
1821477|5
1821478|3
1821479|1
1821480|9
1821481|7
1821482|5
1821483|3
1821484|1
1821485|8
1821486|6
1821487|4
1821488|2
1821489|0
1821490|8
1821491|6
1821492|4
1821493|2
1821494|0
1821495|7
1821496|5
1821497|3
1821498|1
1821499|9
1821500|4
1821501|2
1821502|0
1821503|8
1821504|6
1821506|1
1821507|9
1821508|7
1821509|5
1821517|8
1821518|6
1821519|4
1821520|2
1821521|0
1821522|8
1821523|6
1821524|4
1821525|1
1821526|9
1821527|7
1821528|5
1821529|3
1821530|1
1821531|9
1821532|7
1821533|5
1821534|3
1821535|0
1821536|8
1821537|6
1821538|4
1821539|2
1821540|0
1821549|1
1821550|9
1821551|7
1821552|5
1821553|3
1821554|1
1821555|8
1821556|6
1821557|4
1821558|2
1821559|0
1821560|8
1821561|6
1821562|4
1821563|2
1821565|7
1821566|5
1821567|3
1821568|1
1821569|9
1821570|7
1821571|5
1821572|3
1821581|4
1821582|2
1821583|0
1821584|8
1821585|5
1821586|3
1821587|1
1821588|9
1821589|7
1821590|5
1821591|3
1821592|1
1821593|9
1821594|7
1821595|4
1821596|2
1821597|0
1821598|8
1821599|6
1821600|2
1821601|0
1821602|8
1821603|6
1821604|4
1821612|7
1821613|5
1821614|3
1821615|0
1821616|8
1821617|6
1821618|4
1821619|2
1821620|0
1821621|8
1821622|6
1821623|4
1821624|2
1821625|9
1821626|7
1821627|5
1821628|3
1821629|1
1821630|9
1821631|7
1821632|5
1821633|3
1821634|1
1821635|8